Workbook

Sheet INPUT
A1: Column1
A2: ......................................................................S......................................................................
A3: .............................................................................................................................................
A4: ......................................................................^......................................................................
A5: .............................................................................................................................................
A6: .....................................................................^.^.....................................................................
A7: .............................................................................................................................................
A8: ....................................................................^.^.^....................................................................
A9: .............................................................................................................................................
A10: ...................................................................^.....^...................................................................
A11: .............................................................................................................................................
A12: ..................................................................^.^.^...^..................................................................
... A143: .............................................................................................................................................

Sheet GRID
A1: {=IFERROR(_xlfn.HSTACK(".", TRANSPOSE(MID(input[[#This Row],[Column1]], _xlfn.SEQUENCE(LEN(input[[#This Row],[Column1]])),1)), "."), "EOF")} -> EOF
A2: {=IFERROR(_xlfn.HSTACK(".", TRANSPOSE(MID(input[[#This Row],[Column1]], _xlfn.SEQUENCE(LEN(input[[#This Row],[Column1]])),1)), "."), "EOF")} -> . | B2: . | C2: . | D2: . | E2: . | F2: . | G2: . | H2: . | I2: . | J2: . | K2: . | L2: . | M2: . | N2: . | O2: . | P2: . | Q2: . | R2: . | S2: . | T2: . | U2: . | V2: . | W2: . | X2: . | Y2: . | Z2: . | AA2: . | AB2: . | AC2: . | AD2: . | AE2: . | AF2: . | AG2: . | AH2: . | AI2: . | AJ2: . | AK2: . | AL2: . | AM2: . | AN2: . | AO2: . | AP2: . | AQ2: . | AR2: . | AS2: . | AT2: . | AU2: . | AV2: . | AW2: . | AX2: . | AY2: . | AZ2: . | BA2: . | BB2: . | BC2: . | BD2: . | BE2: . | BF2: . | BG2: . | BH2: . | BI2: . | BJ2: . | BK2: . | BL2: . | BM2: . | BN2: . | BO2: . | BP2: . | BQ2: . | BR2: . | BS2: . | BT2: S | BU2: . | BV2: . | BW2: . | BX2: . | BY2: . | BZ2: . | CA2: . | CB2: . | CC2: . | CD2: . | CE2: . | CF2: . | CG2: . | CH2: . | CI2: . | CJ2: . | CK2: . | CL2: . | CM2: . | CN2: . | CO2: . | CP2: . | CQ2: . | CR2: . | CS2: . | CT2: . | CU2: . | CV2: . | CW2: . | CX2: . | CY2: . | CZ2: . | DA2: . | DB2: . | DC2: . | DD2: . | DE2: . | DF2: . | DG2: . | DH2: . | DI2: . | DJ2: . | DK2: . | DL2: . | DM2: . | DN2: . | DO2: . | DP2: . | DQ2: . | DR2: . | DS2: . | DT2: . | DU2: . | DV2: . | DW2: . | DX2: . | DY2: . | DZ2: . | EA2: . | EB2: . | EC2: . | ED2: . | EE2: . | EF2: . | EG2: . | EH2: . | EI2: . | EJ2: . | EK2: . | EL2: . | EM2: .
A3: {=IFERROR(_xlfn.HSTACK(".", TRANSPOSE(MID(input[[#This Row],[Column1]], _xlfn.SEQUENCE(LEN(input[[#This Row],[Column1]])),1)), "."), "EOF")} -> . | B3: . | C3: . | D3: . | E3: . | F3: . | G3: . | H3: . | I3: . | J3: . | K3: . | L3: . | M3: . | N3: . | O3: . | P3: . | Q3: . | R3: . | S3: . | T3: . | U3: . | V3: . | W3: . | X3: . | Y3: . | Z3: . | AA3: . | AB3: . | AC3: . | AD3: . | AE3: . | AF3: . | AG3: . | AH3: . | AI3: . | AJ3: . | AK3: . | AL3: . | AM3: . | AN3: . | AO3: . | AP3: . | AQ3: . | AR3: . | AS3: . | AT3: . | AU3: . | AV3: . | AW3: . | AX3: . | AY3: . | AZ3: . | BA3: . | BB3: . | BC3: . | BD3: . | BE3: . | BF3: . | BG3: . | BH3: . | BI3: . | BJ3: . | BK3: . | BL3: . | BM3: . | BN3: . | BO3: . | BP3: . | BQ3: . | BR3: . | BS3: . | BT3: . | BU3: . | BV3: . | BW3: . | BX3: . | BY3: . | BZ3: . | CA3: . | CB3: . | CC3: . | CD3: . | CE3: . | CF3: . | CG3: . | CH3: . | CI3: . | CJ3: . | CK3: . | CL3: . | CM3: . | CN3: . | CO3: . | CP3: . | CQ3: . | CR3: . | CS3: . | CT3: . | CU3: . | CV3: . | CW3: . | CX3: . | CY3: . | CZ3: . | DA3: . | DB3: . | DC3: . | DD3: . | DE3: . | DF3: . | DG3: . | DH3: . | DI3: . | DJ3: . | DK3: . | DL3: . | DM3: . | DN3: . | DO3: . | DP3: . | DQ3: . | DR3: . | DS3: . | DT3: . | DU3: . | DV3: . | DW3: . | DX3: . | DY3: . | DZ3: . | EA3: . | EB3: . | EC3: . | ED3: . | EE3: . | EF3: . | EG3: . | EH3: . | EI3: . | EJ3: . | EK3: . | EL3: . | EM3: .
A4: {=IFERROR(_xlfn.HSTACK(".", TRANSPOSE(MID(input[[#This Row],[Column1]], _xlfn.SEQUENCE(LEN(input[[#This Row],[Column1]])),1)), "."), "EOF")} -> . | B4: . | C4: . | D4: . | E4: . | F4: . | G4: . | H4: . | I4: . | J4: . | K4: . | L4: . | M4: . | N4: . | O4: . | P4: . | Q4: . | R4: . | S4: . | T4: . | U4: . | V4: . | W4: . | X4: . | Y4: . | Z4: . | AA4: . | AB4: . | AC4: . | AD4: . | AE4: . | AF4: . | AG4: . | AH4: . | AI4: . | AJ4: . | AK4: . | AL4: . | AM4: . | AN4: . | AO4: . | AP4: . | AQ4: . | AR4: . | AS4: . | AT4: . | AU4: . | AV4: . | AW4: . | AX4: . | AY4: . | AZ4: . | BA4: . | BB4: . | BC4: . | BD4: . | BE4: . | BF4: . | BG4: . | BH4: . | BI4: . | BJ4: . | BK4: . | BL4: . | BM4: . | BN4: . | BO4: . | BP4: . | BQ4: . | BR4: . | BS4: . | BT4: ^ | BU4: . | BV4: . | BW4: . | BX4: . | BY4: . | BZ4: . | CA4: . | CB4: . | CC4: . | CD4: . | CE4: . | CF4: . | CG4: . | CH4: . | CI4: . | CJ4: . | CK4: . | CL4: . | CM4: . | CN4: . | CO4: . | CP4: . | CQ4: . | CR4: . | CS4: . | CT4: . | CU4: . | CV4: . | CW4: . | CX4: . | CY4: . | CZ4: . | DA4: . | DB4: . | DC4: . | DD4: . | DE4: . | DF4: . | DG4: . | DH4: . | DI4: . | DJ4: . | DK4: . | DL4: . | DM4: . | DN4: . | DO4: . | DP4: . | DQ4: . | DR4: . | DS4: . | DT4: . | DU4: . | DV4: . | DW4: . | DX4: . | DY4: . | DZ4: . | EA4: . | EB4: . | EC4: . | ED4: . | EE4: . | EF4: . | EG4: . | EH4: . | EI4: . | EJ4: . | EK4: . | EL4: . | EM4: .
A5: {=IFERROR(_xlfn.HSTACK(".", TRANSPOSE(MID(input[[#This Row],[Column1]], _xlfn.SEQUENCE(LEN(input[[#This Row],[Column1]])),1)), "."), "EOF")} -> . | B5: . | C5: . | D5: . | E5: . | F5: . | G5: . | H5: . | I5: . | J5: . | K5: . | L5: . | M5: . | N5: . | O5: . | P5: . | Q5: . | R5: . | S5: . | T5: . | U5: . | V5: . | W5: . | X5: . | Y5: . | Z5: . | AA5: . | AB5: . | AC5: . | AD5: . | AE5: . | AF5: . | AG5: . | AH5: . | AI5: . | AJ5: . | AK5: . | AL5: . | AM5: . | AN5: . | AO5: . | AP5: . | AQ5: . | AR5: . | AS5: . | AT5: . | AU5: . | AV5: . | AW5: . | AX5: . | AY5: . | AZ5: . | BA5: . | BB5: . | BC5: . | BD5: . | BE5: . | BF5: . | BG5: . | BH5: . | BI5: . | BJ5: . | BK5: . | BL5: . | BM5: . | BN5: . | BO5: . | BP5: . | BQ5: . | BR5: . | BS5: . | BT5: . | BU5: . | BV5: . | BW5: . | BX5: . | BY5: . | BZ5: . | CA5: . | CB5: . | CC5: . | CD5: . | CE5: . | CF5: . | CG5: . | CH5: . | CI5: . | CJ5: . | CK5: . | CL5: . | CM5: . | CN5: . | CO5: . | CP5: . | CQ5: . | CR5: . | CS5: . | CT5: . | CU5: . | CV5: . | CW5: . | CX5: . | CY5: . | CZ5: . | DA5: . | DB5: . | DC5: . | DD5: . | DE5: . | DF5: . | DG5: . | DH5: . | DI5: . | DJ5: . | DK5: . | DL5: . | DM5: . | DN5: . | DO5: . | DP5: . | DQ5: . | DR5: . | DS5: . | DT5: . | DU5: . | DV5: . | DW5: . | DX5: . | DY5: . | DZ5: . | EA5: . | EB5: . | EC5: . | ED5: . | EE5: . | EF5: . | EG5: . | EH5: . | EI5: . | EJ5: . | EK5: . | EL5: . | EM5: .
A6: {=IFERROR(_xlfn.HSTACK(".", TRANSPOSE(MID(input[[#This Row],[Column1]], _xlfn.SEQUENCE(LEN(input[[#This Row],[Column1]])),1)), "."), "EOF")} -> . | B6: . | C6: . | D6: . | E6: . | F6: . | G6: . | H6: . | I6: . | J6: . | K6: . | L6: . | M6: . | N6: . | O6: . | P6: . | Q6: . | R6: . | S6: . | T6: . | U6: . | V6: . | W6: . | X6: . | Y6: . | Z6: . | AA6: . | AB6: . | AC6: . | AD6: . | AE6: . | AF6: . | AG6: . | AH6: . | AI6: . | AJ6: . | AK6: . | AL6: . | AM6: . | AN6: . | AO6: . | AP6: . | AQ6: . | AR6: . | AS6: . | AT6: . | AU6: . | AV6: . | AW6: . | AX6: . | AY6: . | AZ6: . | BA6: . | BB6: . | BC6: . | BD6: . | BE6: . | BF6: . | BG6: . | BH6: . | BI6: . | BJ6: . | BK6: . | BL6: . | BM6: . | BN6: . | BO6: . | BP6: . | BQ6: . | BR6: . | BS6: ^ | BT6: . | BU6: ^ | BV6: . | BW6: . | BX6: . | BY6: . | BZ6: . | CA6: . | CB6: . | CC6: . | CD6: . | CE6: . | CF6: . | CG6: . | CH6: . | CI6: . | CJ6: . | CK6: . | CL6: . | CM6: . | CN6: . | CO6: . | CP6: . | CQ6: . | CR6: . | CS6: . | CT6: . | CU6: . | CV6: . | CW6: . | CX6: . | CY6: . | CZ6: . | DA6: . | DB6: . | DC6: . | DD6: . | DE6: . | DF6: . | DG6: . | DH6: . | DI6: . | DJ6: . | DK6: . | DL6: . | DM6: . | DN6: . | DO6: . | DP6: . | DQ6: . | DR6: . | DS6: . | DT6: . | DU6: . | DV6: . | DW6: . | DX6: . | DY6: . | DZ6: . | EA6: . | EB6: . | EC6: . | ED6: . | EE6: . | EF6: . | EG6: . | EH6: . | EI6: . | EJ6: . | EK6: . | EL6: . | EM6: .
A7: {=IFERROR(_xlfn.HSTACK(".", TRANSPOSE(MID(input[[#This Row],[Column1]], _xlfn.SEQUENCE(LEN(input[[#This Row],[Column1]])),1)), "."), "EOF")} -> . | B7: . | C7: . | D7: . | E7: . | F7: . | G7: . | H7: . | I7: . | J7: . | K7: . | L7: . | M7: . | N7: . | O7: . | P7: . | Q7: . | R7: . | S7: . | T7: . | U7: . | V7: . | W7: . | X7: . | Y7: . | Z7: . | AA7: . | AB7: . | AC7: . | AD7: . | AE7: . | AF7: . | AG7: . | AH7: . | AI7: . | AJ7: . | AK7: . | AL7: . | AM7: . | AN7: . | AO7: . | AP7: . | AQ7: . | AR7: . | AS7: . | AT7: . | AU7: . | AV7: . | AW7: . | AX7: . | AY7: . | AZ7: . | BA7: . | BB7: . | BC7: . | BD7: . | BE7: . | BF7: . | BG7: . | BH7: . | BI7: . | BJ7: . | BK7: . | BL7: . | BM7: . | BN7: . | BO7: . | BP7: . | BQ7: . | BR7: . | BS7: . | BT7: . | BU7: . | BV7: . | BW7: . | BX7: . | BY7: . | BZ7: . | CA7: . | CB7: . | CC7: . | CD7: . | CE7: . | CF7: . | CG7: . | CH7: . | CI7: . | CJ7: . | CK7: . | CL7: . | CM7: . | CN7: . | CO7: . | CP7: . | CQ7: . | CR7: . | CS7: . | CT7: . | CU7: . | CV7: . | CW7: . | CX7: . | CY7: . | CZ7: . | DA7: . | DB7: . | DC7: . | DD7: . | DE7: . | DF7: . | DG7: . | DH7: . | DI7: . | DJ7: . | DK7: . | DL7: . | DM7: . | DN7: . | DO7: . | DP7: . | DQ7: . | DR7: . | DS7: . | DT7: . | DU7: . | DV7: . | DW7: . | DX7: . | DY7: . | DZ7: . | EA7: . | EB7: . | EC7: . | ED7: . | EE7: . | EF7: . | EG7: . | EH7: . | EI7: . | EJ7: . | EK7: . | EL7: . | EM7: .
A8: {=IFERROR(_xlfn.HSTACK(".", TRANSPOSE(MID(input[[#This Row],[Column1]], _xlfn.SEQUENCE(LEN(input[[#This Row],[Column1]])),1)), "."), "EOF")} -> . | B8: . | C8: . | D8: . | E8: . | F8: . | G8: . | H8: . | I8: . | J8: . | K8: . | L8: . | M8: . | N8: . | O8: . | P8: . | Q8: . | R8: . | S8: . | T8: . | U8: . | V8: . | W8: . | X8: . | Y8: . | Z8: . | AA8: . | AB8: . | AC8: . | AD8: . | AE8: . | AF8: . | AG8: . | AH8: . | AI8: . | AJ8: . | AK8: . | AL8: . | AM8: . | AN8: . | AO8: . | AP8: . | AQ8: . | AR8: . | AS8: . | AT8: . | AU8: . | AV8: . | AW8: . | AX8: . | AY8: . | AZ8: . | BA8: . | BB8: . | BC8: . | BD8: . | BE8: . | BF8: . | BG8: . | BH8: . | BI8: . | BJ8: . | BK8: . | BL8: . | BM8: . | BN8: . | BO8: . | BP8: . | BQ8: . | BR8: ^ | BS8: . | BT8: ^ | BU8: . | BV8: ^ | BW8: . | BX8: . | BY8: . | BZ8: . | CA8: . | CB8: . | CC8: . | CD8: . | CE8: . | CF8: . | CG8: . | CH8: . | CI8: . | CJ8: . | CK8: . | CL8: . | CM8: . | CN8: . | CO8: . | CP8: . | CQ8: . | CR8: . | CS8: . | CT8: . | CU8: . | CV8: . | CW8: . | CX8: . | CY8: . | CZ8: . | DA8: . | DB8: . | DC8: . | DD8: . | DE8: . | DF8: . | DG8: . | DH8: . | DI8: . | DJ8: . | DK8: . | DL8: . | DM8: . | DN8: . | DO8: . | DP8: . | DQ8: . | DR8: . | DS8: . | DT8: . | DU8: . | DV8: . | DW8: . | DX8: . | DY8: . | DZ8: . | EA8: . | EB8: . | EC8: . | ED8: . | EE8: . | EF8: . | EG8: . | EH8: . | EI8: . | EJ8: . | EK8: . | EL8: . | EM8: .
A9: {=IFERROR(_xlfn.HSTACK(".", TRANSPOSE(MID(input[[#This Row],[Column1]], _xlfn.SEQUENCE(LEN(input[[#This Row],[Column1]])),1)), "."), "EOF")} -> . | B9: . | C9: . | D9: . | E9: . | F9: . | G9: . | H9: . | I9: . | J9: . | K9: . | L9: . | M9: . | N9: . | O9: . | P9: . | Q9: . | R9: . | S9: . | T9: . | U9: . | V9: . | W9: . | X9: . | Y9: . | Z9: . | AA9: . | AB9: . | AC9: . | AD9: . | AE9: . | AF9: . | AG9: . | AH9: . | AI9: . | AJ9: . | AK9: . | AL9: . | AM9: . | AN9: . | AO9: . | AP9: . | AQ9: . | AR9: . | AS9: . | AT9: . | AU9: . | AV9: . | AW9: . | AX9: . | AY9: . | AZ9: . | BA9: . | BB9: . | BC9: . | BD9: . | BE9: . | BF9: . | BG9: . | BH9: . | BI9: . | BJ9: . | BK9: . | BL9: . | BM9: . | BN9: . | BO9: . | BP9: . | BQ9: . | BR9: . | BS9: . | BT9: . | BU9: . | BV9: . | BW9: . | BX9: . | BY9: . | BZ9: . | CA9: . | CB9: . | CC9: . | CD9: . | CE9: . | CF9: . | CG9: . | CH9: . | CI9: . | CJ9: . | CK9: . | CL9: . | CM9: . | CN9: . | CO9: . | CP9: . | CQ9: . | CR9: . | CS9: . | CT9: . | CU9: . | CV9: . | CW9: . | CX9: . | CY9: . | CZ9: . | DA9: . | DB9: . | DC9: . | DD9: . | DE9: . | DF9: . | DG9: . | DH9: . | DI9: . | DJ9: . | DK9: . | DL9: . | DM9: . | DN9: . | DO9: . | DP9: . | DQ9: . | DR9: . | DS9: . | DT9: . | DU9: . | DV9: . | DW9: . | DX9: . | DY9: . | DZ9: . | EA9: . | EB9: . | EC9: . | ED9: . | EE9: . | EF9: . | EG9: . | EH9: . | EI9: . | EJ9: . | EK9: . | EL9: . | EM9: .
A10: {=IFERROR(_xlfn.HSTACK(".", TRANSPOSE(MID(input[[#This Row],[Column1]], _xlfn.SEQUENCE(LEN(input[[#This Row],[Column1]])),1)), "."), "EOF")} -> . | B10: . | C10: . | D10: . | E10: . | F10: . | G10: . | H10: . | I10: . | J10: . | K10: . | L10: . | M10: . | N10: . | O10: . | P10: . | Q10: . | R10: . | S10: . | T10: . | U10: . | V10: . | W10: . | X10: . | Y10: . | Z10: . | AA10: . | AB10: . | AC10: . | AD10: . | AE10: . | AF10: . | AG10: . | AH10: . | AI10: . | AJ10: . | AK10: . | AL10: . | AM10: . | AN10: . | AO10: . | AP10: . | AQ10: . | AR10: . | AS10: . | AT10: . | AU10: . | AV10: . | AW10: . | AX10: . | AY10: . | AZ10: . | BA10: . | BB10: . | BC10: . | BD10: . | BE10: . | BF10: . | BG10: . | BH10: . | BI10: . | BJ10: . | BK10: . | BL10: . | BM10: . | BN10: . | BO10: . | BP10: . | BQ10: ^ | BR10: . | BS10: . | BT10: . | BU10: . | BV10: . | BW10: ^ | BX10: . | BY10: . | BZ10: . | CA10: . | CB10: . | CC10: . | CD10: . | CE10: . | CF10: . | CG10: . | CH10: . | CI10: . | CJ10: . | CK10: . | CL10: . | CM10: . | CN10: . | CO10: . | CP10: . | CQ10: . | CR10: . | CS10: . | CT10: . | CU10: . | CV10: . | CW10: . | CX10: . | CY10: . | CZ10: . | DA10: . | DB10: . | DC10: . | DD10: . | DE10: . | DF10: . | DG10: . | DH10: . | DI10: . | DJ10: . | DK10: . | DL10: . | DM10: . | DN10: . | DO10: . | DP10: . | DQ10: . | DR10: . | DS10: . | DT10: . | DU10: . | DV10: . | DW10: . | DX10: . | DY10: . | DZ10: . | EA10: . | EB10: . | EC10: . | ED10: . | EE10: . | EF10: . | EG10: . | EH10: . | EI10: . | EJ10: . | EK10: . | EL10: . | EM10: .
A11: {=IFERROR(_xlfn.HSTACK(".", TRANSPOSE(MID(input[[#This Row],[Column1]], _xlfn.SEQUENCE(LEN(input[[#This Row],[Column1]])),1)), "."), "EOF")} -> . | B11: . | C11: . | D11: . | E11: . | F11: . | G11: . | H11: . | I11: . | J11: . | K11: . | L11: . | M11: . | N11: . | O11: . | P11: . | Q11: . | R11: . | S11: . | T11: . | U11: . | V11: . | W11: . | X11: . | Y11: . | Z11: . | AA11: . | AB11: . | AC11: . | AD11: . | AE11: . | AF11: . | AG11: . | AH11: . | AI11: . | AJ11: . | AK11: . | AL11: . | AM11: . | AN11: . | AO11: . | AP11: . | AQ11: . | AR11: . | AS11: . | AT11: . | AU11: . | AV11: . | AW11: . | AX11: . | AY11: . | AZ11: . | BA11: . | BB11: . | BC11: . | BD11: . | BE11: . | BF11: . | BG11: . | BH11: . | BI11: . | BJ11: . | BK11: . | BL11: . | BM11: . | BN11: . | BO11: . | BP11: . | BQ11: . | BR11: . | BS11: . | BT11: . | BU11: . | BV11: . | BW11: . | BX11: . | BY11: . | BZ11: . | CA11: . | CB11: . | CC11: . | CD11: . | CE11: . | CF11: . | CG11: . | CH11: . | CI11: . | CJ11: . | CK11: . | CL11: . | CM11: . | CN11: . | CO11: . | CP11: . | CQ11: . | CR11: . | CS11: . | CT11: . | CU11: . | CV11: . | CW11: . | CX11: . | CY11: . | CZ11: . | DA11: . | DB11: . | DC11: . | DD11: . | DE11: . | DF11: . | DG11: . | DH11: . | DI11: . | DJ11: . | DK11: . | DL11: . | DM11: . | DN11: . | DO11: . | DP11: . | DQ11: . | DR11: . | DS11: . | DT11: . | DU11: . | DV11: . | DW11: . | DX11: . | DY11: . | DZ11: . | EA11: . | EB11: . | EC11: . | ED11: . | EE11: . | EF11: . | EG11: . | EH11: . | EI11: . | EJ11: . | EK11: . | EL11: . | EM11: .
A12: {=IFERROR(_xlfn.HSTACK(".", TRANSPOSE(MID(input[[#This Row],[Column1]], _xlfn.SEQUENCE(LEN(input[[#This Row],[Column1]])),1)), "."), "EOF")} -> . | B12: . | C12: . | D12: . | E12: . | F12: . | G12: . | H12: . | I12: . | J12: . | K12: . | L12: . | M12: . | N12: . | O12: . | P12: . | Q12: . | R12: . | S12: . | T12: . | U12: . | V12: . | W12: . | X12: . | Y12: . | Z12: . | AA12: . | AB12: . | AC12: . | AD12: . | AE12: . | AF12: . | AG12: . | AH12: . | AI12: . | AJ12: . | AK12: . | AL12: . | AM12: . | AN12: . | AO12: . | AP12: . | AQ12: . | AR12: . | AS12: . | AT12: . | AU12: . | AV12: . | AW12: . | AX12: . | AY12: . | AZ12: . | BA12: . | BB12: . | BC12: . | BD12: . | BE12: . | BF12: . | BG12: . | BH12: . | BI12: . | BJ12: . | BK12: . | BL12: . | BM12: . | BN12: . | BO12: . | BP12: ^ | BQ12: . | BR12: ^ | BS12: . | BT12: ^ | BU12: . | BV12: . | BW12: . | BX12: ^ | BY12: . | BZ12: . | CA12: . | CB12: . | CC12: . | CD12: . | CE12: . | CF12: . | CG12: . | CH12: . | CI12: . | CJ12: . | CK12: . | CL12: . | CM12: . | CN12: . | CO12: . | CP12: . | CQ12: . | CR12: . | CS12: . | CT12: . | CU12: . | CV12: . | CW12: . | CX12: . | CY12: . | CZ12: . | DA12: . | DB12: . | DC12: . | DD12: . | DE12: . | DF12: . | DG12: . | DH12: . | DI12: . | DJ12: . | DK12: . | DL12: . | DM12: . | DN12: . | DO12: . | DP12: . | DQ12: . | DR12: . | DS12: . | DT12: . | DU12: . | DV12: . | DW12: . | DX12: . | DY12: . | DZ12: . | EA12: . | EB12: . | EC12: . | ED12: . | EE12: . | EF12: . | EG12: . | EH12: . | EI12: . | EJ12: . | EK12: . | EL12: . | EM12: .
A13: {=IFERROR(_xlfn.HSTACK(".", TRANSPOSE(MID(input[[#This Row],[Column1]], _xlfn.SEQUENCE(LEN(input[[#This Row],[Column1]])),1)), "."), "EOF")} -> . | B13: . | C13: . | D13: . | E13: . | F13: . | G13: . | H13: . | I13: . | J13: . | K13: . | L13: . | M13: . | N13: . | O13: . | P13: . | Q13: . | R13: . | S13: . | T13: . | U13: . | V13: . | W13: . | X13: . | Y13: . | Z13: . | AA13: . | AB13: . | AC13: . | AD13: . | AE13: . | AF13: . | AG13: . | AH13: . | AI13: . | AJ13: . | AK13: . | AL13: . | AM13: . | AN13: . | AO13: . | AP13: . | AQ13: . | AR13: . | AS13: . | AT13: . | AU13: . | AV13: . | AW13: . | AX13: . | AY13: . | AZ13: . | BA13: . | BB13: . | BC13: . | BD13: . | BE13: . | BF13: . | BG13: . | BH13: . | BI13: . | BJ13: . | BK13: . | BL13: . | BM13: . | BN13: . | BO13: . | BP13: . | BQ13: . | BR13: . | BS13: . | BT13: . | BU13: . | BV13: . | BW13: . | BX13: . | BY13: . | BZ13: . | CA13: . | CB13: . | CC13: . | CD13: . | CE13: . | CF13: . | CG13: . | CH13: . | CI13: . | CJ13: . | CK13: . | CL13: . | CM13: . | CN13: . | CO13: . | CP13: . | CQ13: . | CR13: . | CS13: . | CT13: . | CU13: . | CV13: . | CW13: . | CX13: . | CY13: . | CZ13: . | DA13: . | DB13: . | DC13: . | DD13: . | DE13: . | DF13: . | DG13: . | DH13: . | DI13: . | DJ13: . | DK13: . | DL13: . | DM13: . | DN13: . | DO13: . | DP13: . | DQ13: . | DR13: . | DS13: . | DT13: . | DU13: . | DV13: . | DW13: . | DX13: . | DY13: . | DZ13: . | EA13: . | EB13: . | EC13: . | ED13: . | EE13: . | EF13: . | EG13: . | EH13: . | EI13: . | EJ13: . | EK13: . | EL13: . | EM13: .
... A143: {=IFERROR(_xlfn.HSTACK(".", TRANSPOSE(MID(input[[#This Row],[Column1]], _xlfn.SEQUENCE(LEN(input[[#This Row],[Column1]])),1)), "."), "EOF")} -> . | B143: . | C143: . | D143: . | E143: . | F143: . | G143: . | H143: . | I143: . | J143: . | K143: . | L143: . | M143: . | N143: . | O143: . | P143: . | Q143: . | R143: . | S143: . | T143: . | U143: . | V143: . | W143: . | X143: . | Y143: . | Z143: . | AA143: . | AB143: . | AC143: . | AD143: . | AE143: . | AF143: . | AG143: . | AH143: . | AI143: . | AJ143: . | AK143: . | AL143: . | AM143: . | AN143: . | AO143: . | AP143: . | AQ143: . | AR143: . | AS143: . | AT143: . | AU143: . | AV143: . | AW143: . | AX143: . | AY143: . | AZ143: . | BA143: . | BB143: . | BC143: . | BD143: . | BE143: . | BF143: . | BG143: . | BH143: . | BI143: . | BJ143: . | BK143: . | BL143: . | BM143: . | BN143: . | BO143: . | BP143: . | BQ143: . | BR143: . | BS143: . | BT143: . | BU143: . | BV143: . | BW143: . | BX143: . | BY143: . | BZ143: . | CA143: . | CB143: . | CC143: . | CD143: . | CE143: . | CF143: . | CG143: . | CH143: . | CI143: . | CJ143: . | CK143: . | CL143: . | CM143: . | CN143: . | CO143: . | CP143: . | CQ143: . | CR143: . | CS143: . | CT143: . | CU143: . | CV143: . | CW143: . | CX143: . | CY143: . | CZ143: . | DA143: . | DB143: . | DC143: . | DD143: . | DE143: . | DF143: . | DG143: . | DH143: . | DI143: . | DJ143: . | DK143: . | DL143: . | DM143: . | DN143: . | DO143: . | DP143: . | DQ143: . | DR143: . | DS143: . | DT143: . | DU143: . | DV143: . | DW143: . | DX143: . | DY143: . | DZ143: . | EA143: . | EB143: . | EC143: . | ED143: . | EE143: . | EF143: . | EG143: . | EH143: . | EI143: . | EJ143: . | EK143: . | EL143: . | EM143: .
A144: {=IFERROR(_xlfn.HSTACK(".", TRANSPOSE(MID(input[[#This Row],[Column1]], _xlfn.SEQUENCE(LEN(input[[#This Row],[Column1]])),1)), "."), "EOF")} -> EOF
A145: {=IFERROR(_xlfn.HSTACK(".", TRANSPOSE(MID(input[[#This Row],[Column1]], _xlfn.SEQUENCE(LEN(input[[#This Row],[Column1]])),1)), "."), "EOF")} -> EOF
A146: {=IFERROR(_xlfn.HSTACK(".", TRANSPOSE(MID(input[[#This Row],[Column1]], _xlfn.SEQUENCE(LEN(input[[#This Row],[Column1]])),1)), "."), "EOF")} -> EOF
A147: {=IFERROR(_xlfn.HSTACK(".", TRANSPOSE(MID(input[[#This Row],[Column1]], _xlfn.SEQUENCE(LEN(input[[#This Row],[Column1]])),1)), "."), "EOF")} -> EOF
A148: {=IFERROR(_xlfn.HSTACK(".", TRANSPOSE(MID(input[[#This Row],[Column1]], _xlfn.SEQUENCE(LEN(input[[#This Row],[Column1]])),1)), "."), "EOF")} -> EOF
A149: {=IFERROR(_xlfn.HSTACK(".", TRANSPOSE(MID(input[[#This Row],[Column1]], _xlfn.SEQUENCE(LEN(input[[#This Row],[Column1]])),1)), "."), "EOF")} -> EOF
A150: {=IFERROR(_xlfn.HSTACK(".", TRANSPOSE(MID(input[[#This Row],[Column1]], _xlfn.SEQUENCE(LEN(input[[#This Row],[Column1]])),1)), "."), "EOF")} -> EOF
A151: {=IFERROR(_xlfn.HSTACK(".", TRANSPOSE(MID(input[[#This Row],[Column1]], _xlfn.SEQUENCE(LEN(input[[#This Row],[Column1]])),1)), "."), "EOF")} -> EOF
A152: {=IFERROR(_xlfn.HSTACK(".", TRANSPOSE(MID(input[[#This Row],[Column1]], _xlfn.SEQUENCE(LEN(input[[#This Row],[Column1]])),1)), "."), "EOF")} -> EOF
A153: {=IFERROR(_xlfn.HSTACK(".", TRANSPOSE(MID(input[[#This Row],[Column1]], _xlfn.SEQUENCE(LEN(input[[#This Row],[Column1]])),1)), "."), "EOF")} -> EOF
A154: {=IFERROR(_xlfn.HSTACK(".", TRANSPOSE(MID(input[[#This Row],[Column1]], _xlfn.SEQUENCE(LEN(input[[#This Row],[Column1]])),1)), "."), "EOF")} -> EOF
A155: {=IFERROR(_xlfn.HSTACK(".", TRANSPOSE(MID(input[[#This Row],[Column1]], _xlfn.SEQUENCE(LEN(input[[#This Row],[Column1]])),1)), "."), "EOF")} -> EOF
... A295: {=IFERROR(_xlfn.HSTACK(".", TRANSPOSE(MID(input[[#This Row],[Column1]], _xlfn.SEQUENCE(LEN(input[[#This Row],[Column1]])),1)), "."), "EOF")} -> EOF

Sheet CALC
A2: =--(GRID!A2="S") -> 0 | B2: =--(GRID!B2="S") -> 0 | C2: =--(GRID!C2="S") -> 0 | D2: =--(GRID!D2="S") -> 0 | E2: =--(GRID!E2="S") -> 0 | F2: =--(GRID!F2="S") -> 0 | G2: =--(GRID!G2="S") -> 0 | H2: =--(GRID!H2="S") -> 0 | ... EM2: =--(GRID!EM2="S") -> 0
B3: =IF(GRID!B2="^", IF(CALC!B2=1, 2, 0), MAX(MOD(CALC!B2, 2), MOD(IF(GRID!C2="^", CALC!C2, 0), 2), MOD(IF(GRID!A2="^", CALC!A2, 0), 2))) -> 0 | C3: =IF(GRID!C2="^", IF(CALC!C2=1, 2, 0), MAX(MOD(CALC!C2, 2), MOD(IF(GRID!D2="^", CALC!D2, 0), 2), MOD(IF(GRID!B2="^", CALC!B2, 0), 2))) -> 0 | D3: =IF(GRID!D2="^", IF(CALC!D2=1, 2, 0), MAX(MOD(CALC!D2, 2), MOD(IF(GRID!E2="^", CALC!E2, 0), 2), MOD(IF(GRID!C2="^", CALC!C2, 0), 2))) -> 0 | E3: =IF(GRID!E2="^", IF(CALC!E2=1, 2, 0), MAX(MOD(CALC!E2, 2), MOD(IF(GRID!F2="^", CALC!F2, 0), 2), MOD(IF(GRID!D2="^", CALC!D2, 0), 2))) -> 0 | F3: =IF(GRID!F2="^", IF(CALC!F2=1, 2, 0), MAX(MOD(CALC!F2, 2), MOD(IF(GRID!G2="^", CALC!G2, 0), 2), MOD(IF(GRID!E2="^", CALC!E2, 0), 2))) -> 0 | G3: =IF(GRID!G2="^", IF(CALC!G2=1, 2, 0), MAX(MOD(CALC!G2, 2), MOD(IF(GRID!H2="^", CALC!H2, 0), 2), MOD(IF(GRID!F2="^", CALC!F2, 0), 2))) -> 0 | H3: =IF(GRID!H2="^", IF(CALC!H2=1, 2, 0), MAX(MOD(CALC!H2, 2), MOD(IF(GRID!I2="^", CALC!I2, 0), 2), MOD(IF(GRID!G2="^", CALC!G2, 0), 2))) -> 0 | I3: =IF(GRID!I2="^", IF(CALC!I2=1, 2, 0), MAX(MOD(CALC!I2, 2), MOD(IF(GRID!J2="^", CALC!J2, 0), 2), MOD(IF(GRID!H2="^", CALC!H2, 0), 2))) -> 0 | ... EL3: =IF(GRID!EL2="^", IF(CALC!EL2=1, 2, 0), MAX(MOD(CALC!EL2, 2), MOD(IF(GRID!EM2="^", CALC!EM2, 0), 2), MOD(IF(GRID!EK2="^", CALC!EK2, 0), 2))) -> 0
B4: =IF(GRID!B3="^", IF(CALC!B3=1, 2, 0), MAX(MOD(CALC!B3, 2), MOD(IF(GRID!C3="^", CALC!C3, 0), 2), MOD(IF(GRID!A3="^", CALC!A3, 0), 2))) -> 0 | C4: =IF(GRID!C3="^", IF(CALC!C3=1, 2, 0), MAX(MOD(CALC!C3, 2), MOD(IF(GRID!D3="^", CALC!D3, 0), 2), MOD(IF(GRID!B3="^", CALC!B3, 0), 2))) -> 0 | D4: =IF(GRID!D3="^", IF(CALC!D3=1, 2, 0), MAX(MOD(CALC!D3, 2), MOD(IF(GRID!E3="^", CALC!E3, 0), 2), MOD(IF(GRID!C3="^", CALC!C3, 0), 2))) -> 0 | E4: =IF(GRID!E3="^", IF(CALC!E3=1, 2, 0), MAX(MOD(CALC!E3, 2), MOD(IF(GRID!F3="^", CALC!F3, 0), 2), MOD(IF(GRID!D3="^", CALC!D3, 0), 2))) -> 0 | F4: =IF(GRID!F3="^", IF(CALC!F3=1, 2, 0), MAX(MOD(CALC!F3, 2), MOD(IF(GRID!G3="^", CALC!G3, 0), 2), MOD(IF(GRID!E3="^", CALC!E3, 0), 2))) -> 0 | G4: =IF(GRID!G3="^", IF(CALC!G3=1, 2, 0), MAX(MOD(CALC!G3, 2), MOD(IF(GRID!H3="^", CALC!H3, 0), 2), MOD(IF(GRID!F3="^", CALC!F3, 0), 2))) -> 0 | H4: =IF(GRID!H3="^", IF(CALC!H3=1, 2, 0), MAX(MOD(CALC!H3, 2), MOD(IF(GRID!I3="^", CALC!I3, 0), 2), MOD(IF(GRID!G3="^", CALC!G3, 0), 2))) -> 0 | I4: =IF(GRID!I3="^", IF(CALC!I3=1, 2, 0), MAX(MOD(CALC!I3, 2), MOD(IF(GRID!J3="^", CALC!J3, 0), 2), MOD(IF(GRID!H3="^", CALC!H3, 0), 2))) -> 0 | ... EL4: =IF(GRID!EL3="^", IF(CALC!EL3=1, 2, 0), MAX(MOD(CALC!EL3, 2), MOD(IF(GRID!EM3="^", CALC!EM3, 0), 2), MOD(IF(GRID!EK3="^", CALC!EK3, 0), 2))) -> 0
B5: =IF(GRID!B4="^", IF(CALC!B4=1, 2, 0), MAX(MOD(CALC!B4, 2), MOD(IF(GRID!C4="^", CALC!C4, 0), 2), MOD(IF(GRID!A4="^", CALC!A4, 0), 2))) -> 0 | C5: =IF(GRID!C4="^", IF(CALC!C4=1, 2, 0), MAX(MOD(CALC!C4, 2), MOD(IF(GRID!D4="^", CALC!D4, 0), 2), MOD(IF(GRID!B4="^", CALC!B4, 0), 2))) -> 0 | D5: =IF(GRID!D4="^", IF(CALC!D4=1, 2, 0), MAX(MOD(CALC!D4, 2), MOD(IF(GRID!E4="^", CALC!E4, 0), 2), MOD(IF(GRID!C4="^", CALC!C4, 0), 2))) -> 0 | E5: =IF(GRID!E4="^", IF(CALC!E4=1, 2, 0), MAX(MOD(CALC!E4, 2), MOD(IF(GRID!F4="^", CALC!F4, 0), 2), MOD(IF(GRID!D4="^", CALC!D4, 0), 2))) -> 0 | F5: =IF(GRID!F4="^", IF(CALC!F4=1, 2, 0), MAX(MOD(CALC!F4, 2), MOD(IF(GRID!G4="^", CALC!G4, 0), 2), MOD(IF(GRID!E4="^", CALC!E4, 0), 2))) -> 0 | G5: =IF(GRID!G4="^", IF(CALC!G4=1, 2, 0), MAX(MOD(CALC!G4, 2), MOD(IF(GRID!H4="^", CALC!H4, 0), 2), MOD(IF(GRID!F4="^", CALC!F4, 0), 2))) -> 0 | H5: =IF(GRID!H4="^", IF(CALC!H4=1, 2, 0), MAX(MOD(CALC!H4, 2), MOD(IF(GRID!I4="^", CALC!I4, 0), 2), MOD(IF(GRID!G4="^", CALC!G4, 0), 2))) -> 0 | I5: =IF(GRID!I4="^", IF(CALC!I4=1, 2, 0), MAX(MOD(CALC!I4, 2), MOD(IF(GRID!J4="^", CALC!J4, 0), 2), MOD(IF(GRID!H4="^", CALC!H4, 0), 2))) -> 0 | ... EL5: =IF(GRID!EL4="^", IF(CALC!EL4=1, 2, 0), MAX(MOD(CALC!EL4, 2), MOD(IF(GRID!EM4="^", CALC!EM4, 0), 2), MOD(IF(GRID!EK4="^", CALC!EK4, 0), 2))) -> 0
B6: =IF(GRID!B5="^", IF(CALC!B5=1, 2, 0), MAX(MOD(CALC!B5, 2), MOD(IF(GRID!C5="^", CALC!C5, 0), 2), MOD(IF(GRID!A5="^", CALC!A5, 0), 2))) -> 0 | C6: =IF(GRID!C5="^", IF(CALC!C5=1, 2, 0), MAX(MOD(CALC!C5, 2), MOD(IF(GRID!D5="^", CALC!D5, 0), 2), MOD(IF(GRID!B5="^", CALC!B5, 0), 2))) -> 0 | D6: =IF(GRID!D5="^", IF(CALC!D5=1, 2, 0), MAX(MOD(CALC!D5, 2), MOD(IF(GRID!E5="^", CALC!E5, 0), 2), MOD(IF(GRID!C5="^", CALC!C5, 0), 2))) -> 0 | E6: =IF(GRID!E5="^", IF(CALC!E5=1, 2, 0), MAX(MOD(CALC!E5, 2), MOD(IF(GRID!F5="^", CALC!F5, 0), 2), MOD(IF(GRID!D5="^", CALC!D5, 0), 2))) -> 0 | F6: =IF(GRID!F5="^", IF(CALC!F5=1, 2, 0), MAX(MOD(CALC!F5, 2), MOD(IF(GRID!G5="^", CALC!G5, 0), 2), MOD(IF(GRID!E5="^", CALC!E5, 0), 2))) -> 0 | G6: =IF(GRID!G5="^", IF(CALC!G5=1, 2, 0), MAX(MOD(CALC!G5, 2), MOD(IF(GRID!H5="^", CALC!H5, 0), 2), MOD(IF(GRID!F5="^", CALC!F5, 0), 2))) -> 0 | H6: =IF(GRID!H5="^", IF(CALC!H5=1, 2, 0), MAX(MOD(CALC!H5, 2), MOD(IF(GRID!I5="^", CALC!I5, 0), 2), MOD(IF(GRID!G5="^", CALC!G5, 0), 2))) -> 0 | I6: =IF(GRID!I5="^", IF(CALC!I5=1, 2, 0), MAX(MOD(CALC!I5, 2), MOD(IF(GRID!J5="^", CALC!J5, 0), 2), MOD(IF(GRID!H5="^", CALC!H5, 0), 2))) -> 0 | ... EL6: =IF(GRID!EL5="^", IF(CALC!EL5=1, 2, 0), MAX(MOD(CALC!EL5, 2), MOD(IF(GRID!EM5="^", CALC!EM5, 0), 2), MOD(IF(GRID!EK5="^", CALC!EK5, 0), 2))) -> 0
B7: =IF(GRID!B6="^", IF(CALC!B6=1, 2, 0), MAX(MOD(CALC!B6, 2), MOD(IF(GRID!C6="^", CALC!C6, 0), 2), MOD(IF(GRID!A6="^", CALC!A6, 0), 2))) -> 0 | C7: =IF(GRID!C6="^", IF(CALC!C6=1, 2, 0), MAX(MOD(CALC!C6, 2), MOD(IF(GRID!D6="^", CALC!D6, 0), 2), MOD(IF(GRID!B6="^", CALC!B6, 0), 2))) -> 0 | D7: =IF(GRID!D6="^", IF(CALC!D6=1, 2, 0), MAX(MOD(CALC!D6, 2), MOD(IF(GRID!E6="^", CALC!E6, 0), 2), MOD(IF(GRID!C6="^", CALC!C6, 0), 2))) -> 0 | E7: =IF(GRID!E6="^", IF(CALC!E6=1, 2, 0), MAX(MOD(CALC!E6, 2), MOD(IF(GRID!F6="^", CALC!F6, 0), 2), MOD(IF(GRID!D6="^", CALC!D6, 0), 2))) -> 0 | F7: =IF(GRID!F6="^", IF(CALC!F6=1, 2, 0), MAX(MOD(CALC!F6, 2), MOD(IF(GRID!G6="^", CALC!G6, 0), 2), MOD(IF(GRID!E6="^", CALC!E6, 0), 2))) -> 0 | G7: =IF(GRID!G6="^", IF(CALC!G6=1, 2, 0), MAX(MOD(CALC!G6, 2), MOD(IF(GRID!H6="^", CALC!H6, 0), 2), MOD(IF(GRID!F6="^", CALC!F6, 0), 2))) -> 0 | H7: =IF(GRID!H6="^", IF(CALC!H6=1, 2, 0), MAX(MOD(CALC!H6, 2), MOD(IF(GRID!I6="^", CALC!I6, 0), 2), MOD(IF(GRID!G6="^", CALC!G6, 0), 2))) -> 0 | I7: =IF(GRID!I6="^", IF(CALC!I6=1, 2, 0), MAX(MOD(CALC!I6, 2), MOD(IF(GRID!J6="^", CALC!J6, 0), 2), MOD(IF(GRID!H6="^", CALC!H6, 0), 2))) -> 0 | ... EL7: =IF(GRID!EL6="^", IF(CALC!EL6=1, 2, 0), MAX(MOD(CALC!EL6, 2), MOD(IF(GRID!EM6="^", CALC!EM6, 0), 2), MOD(IF(GRID!EK6="^", CALC!EK6, 0), 2))) -> 0
B8: =IF(GRID!B7="^", IF(CALC!B7=1, 2, 0), MAX(MOD(CALC!B7, 2), MOD(IF(GRID!C7="^", CALC!C7, 0), 2), MOD(IF(GRID!A7="^", CALC!A7, 0), 2))) -> 0 | C8: =IF(GRID!C7="^", IF(CALC!C7=1, 2, 0), MAX(MOD(CALC!C7, 2), MOD(IF(GRID!D7="^", CALC!D7, 0), 2), MOD(IF(GRID!B7="^", CALC!B7, 0), 2))) -> 0 | D8: =IF(GRID!D7="^", IF(CALC!D7=1, 2, 0), MAX(MOD(CALC!D7, 2), MOD(IF(GRID!E7="^", CALC!E7, 0), 2), MOD(IF(GRID!C7="^", CALC!C7, 0), 2))) -> 0 | E8: =IF(GRID!E7="^", IF(CALC!E7=1, 2, 0), MAX(MOD(CALC!E7, 2), MOD(IF(GRID!F7="^", CALC!F7, 0), 2), MOD(IF(GRID!D7="^", CALC!D7, 0), 2))) -> 0 | F8: =IF(GRID!F7="^", IF(CALC!F7=1, 2, 0), MAX(MOD(CALC!F7, 2), MOD(IF(GRID!G7="^", CALC!G7, 0), 2), MOD(IF(GRID!E7="^", CALC!E7, 0), 2))) -> 0 | G8: =IF(GRID!G7="^", IF(CALC!G7=1, 2, 0), MAX(MOD(CALC!G7, 2), MOD(IF(GRID!H7="^", CALC!H7, 0), 2), MOD(IF(GRID!F7="^", CALC!F7, 0), 2))) -> 0 | H8: =IF(GRID!H7="^", IF(CALC!H7=1, 2, 0), MAX(MOD(CALC!H7, 2), MOD(IF(GRID!I7="^", CALC!I7, 0), 2), MOD(IF(GRID!G7="^", CALC!G7, 0), 2))) -> 0 | I8: =IF(GRID!I7="^", IF(CALC!I7=1, 2, 0), MAX(MOD(CALC!I7, 2), MOD(IF(GRID!J7="^", CALC!J7, 0), 2), MOD(IF(GRID!H7="^", CALC!H7, 0), 2))) -> 0 | ... EL8: =IF(GRID!EL7="^", IF(CALC!EL7=1, 2, 0), MAX(MOD(CALC!EL7, 2), MOD(IF(GRID!EM7="^", CALC!EM7, 0), 2), MOD(IF(GRID!EK7="^", CALC!EK7, 0), 2))) -> 0
B9: =IF(GRID!B8="^", IF(CALC!B8=1, 2, 0), MAX(MOD(CALC!B8, 2), MOD(IF(GRID!C8="^", CALC!C8, 0), 2), MOD(IF(GRID!A8="^", CALC!A8, 0), 2))) -> 0 | C9: =IF(GRID!C8="^", IF(CALC!C8=1, 2, 0), MAX(MOD(CALC!C8, 2), MOD(IF(GRID!D8="^", CALC!D8, 0), 2), MOD(IF(GRID!B8="^", CALC!B8, 0), 2))) -> 0 | D9: =IF(GRID!D8="^", IF(CALC!D8=1, 2, 0), MAX(MOD(CALC!D8, 2), MOD(IF(GRID!E8="^", CALC!E8, 0), 2), MOD(IF(GRID!C8="^", CALC!C8, 0), 2))) -> 0 | E9: =IF(GRID!E8="^", IF(CALC!E8=1, 2, 0), MAX(MOD(CALC!E8, 2), MOD(IF(GRID!F8="^", CALC!F8, 0), 2), MOD(IF(GRID!D8="^", CALC!D8, 0), 2))) -> 0 | F9: =IF(GRID!F8="^", IF(CALC!F8=1, 2, 0), MAX(MOD(CALC!F8, 2), MOD(IF(GRID!G8="^", CALC!G8, 0), 2), MOD(IF(GRID!E8="^", CALC!E8, 0), 2))) -> 0 | G9: =IF(GRID!G8="^", IF(CALC!G8=1, 2, 0), MAX(MOD(CALC!G8, 2), MOD(IF(GRID!H8="^", CALC!H8, 0), 2), MOD(IF(GRID!F8="^", CALC!F8, 0), 2))) -> 0 | H9: =IF(GRID!H8="^", IF(CALC!H8=1, 2, 0), MAX(MOD(CALC!H8, 2), MOD(IF(GRID!I8="^", CALC!I8, 0), 2), MOD(IF(GRID!G8="^", CALC!G8, 0), 2))) -> 0 | I9: =IF(GRID!I8="^", IF(CALC!I8=1, 2, 0), MAX(MOD(CALC!I8, 2), MOD(IF(GRID!J8="^", CALC!J8, 0), 2), MOD(IF(GRID!H8="^", CALC!H8, 0), 2))) -> 0 | ... EL9: =IF(GRID!EL8="^", IF(CALC!EL8=1, 2, 0), MAX(MOD(CALC!EL8, 2), MOD(IF(GRID!EM8="^", CALC!EM8, 0), 2), MOD(IF(GRID!EK8="^", CALC!EK8, 0), 2))) -> 0
B10: =IF(GRID!B9="^", IF(CALC!B9=1, 2, 0), MAX(MOD(CALC!B9, 2), MOD(IF(GRID!C9="^", CALC!C9, 0), 2), MOD(IF(GRID!A9="^", CALC!A9, 0), 2))) -> 0 | C10: =IF(GRID!C9="^", IF(CALC!C9=1, 2, 0), MAX(MOD(CALC!C9, 2), MOD(IF(GRID!D9="^", CALC!D9, 0), 2), MOD(IF(GRID!B9="^", CALC!B9, 0), 2))) -> 0 | D10: =IF(GRID!D9="^", IF(CALC!D9=1, 2, 0), MAX(MOD(CALC!D9, 2), MOD(IF(GRID!E9="^", CALC!E9, 0), 2), MOD(IF(GRID!C9="^", CALC!C9, 0), 2))) -> 0 | E10: =IF(GRID!E9="^", IF(CALC!E9=1, 2, 0), MAX(MOD(CALC!E9, 2), MOD(IF(GRID!F9="^", CALC!F9, 0), 2), MOD(IF(GRID!D9="^", CALC!D9, 0), 2))) -> 0 | F10: =IF(GRID!F9="^", IF(CALC!F9=1, 2, 0), MAX(MOD(CALC!F9, 2), MOD(IF(GRID!G9="^", CALC!G9, 0), 2), MOD(IF(GRID!E9="^", CALC!E9, 0), 2))) -> 0 | G10: =IF(GRID!G9="^", IF(CALC!G9=1, 2, 0), MAX(MOD(CALC!G9, 2), MOD(IF(GRID!H9="^", CALC!H9, 0), 2), MOD(IF(GRID!F9="^", CALC!F9, 0), 2))) -> 0 | H10: =IF(GRID!H9="^", IF(CALC!H9=1, 2, 0), MAX(MOD(CALC!H9, 2), MOD(IF(GRID!I9="^", CALC!I9, 0), 2), MOD(IF(GRID!G9="^", CALC!G9, 0), 2))) -> 0 | I10: =IF(GRID!I9="^", IF(CALC!I9=1, 2, 0), MAX(MOD(CALC!I9, 2), MOD(IF(GRID!J9="^", CALC!J9, 0), 2), MOD(IF(GRID!H9="^", CALC!H9, 0), 2))) -> 0 | ... EL10: =IF(GRID!EL9="^", IF(CALC!EL9=1, 2, 0), MAX(MOD(CALC!EL9, 2), MOD(IF(GRID!EM9="^", CALC!EM9, 0), 2), MOD(IF(GRID!EK9="^", CALC!EK9, 0), 2))) -> 0
B11: =IF(GRID!B10="^", IF(CALC!B10=1, 2, 0), MAX(MOD(CALC!B10, 2), MOD(IF(GRID!C10="^", CALC!C10, 0), 2), MOD(IF(GRID!A10="^", CALC!A10, 0), 2))) -> 0 | C11: =IF(GRID!C10="^", IF(CALC!C10=1, 2, 0), MAX(MOD(CALC!C10, 2), MOD(IF(GRID!D10="^", CALC!D10, 0), 2), MOD(IF(GRID!B10="^", CALC!B10, 0), 2))) -> 0 | D11: =IF(GRID!D10="^", IF(CALC!D10=1, 2, 0), MAX(MOD(CALC!D10, 2), MOD(IF(GRID!E10="^", CALC!E10, 0), 2), MOD(IF(GRID!C10="^", CALC!C10, 0), 2))) -> 0 | E11: =IF(GRID!E10="^", IF(CALC!E10=1, 2, 0), MAX(MOD(CALC!E10, 2), MOD(IF(GRID!F10="^", CALC!F10, 0), 2), MOD(IF(GRID!D10="^", CALC!D10, 0), 2))) -> 0 | F11: =IF(GRID!F10="^", IF(CALC!F10=1, 2, 0), MAX(MOD(CALC!F10, 2), MOD(IF(GRID!G10="^", CALC!G10, 0), 2), MOD(IF(GRID!E10="^", CALC!E10, 0), 2))) -> 0 | G11: =IF(GRID!G10="^", IF(CALC!G10=1, 2, 0), MAX(MOD(CALC!G10, 2), MOD(IF(GRID!H10="^", CALC!H10, 0), 2), MOD(IF(GRID!F10="^", CALC!F10, 0), 2))) -> 0 | H11: =IF(GRID!H10="^", IF(CALC!H10=1, 2, 0), MAX(MOD(CALC!H10, 2), MOD(IF(GRID!I10="^", CALC!I10, 0), 2), MOD(IF(GRID!G10="^", CALC!G10, 0), 2))) -> 0 | I11: =IF(GRID!I10="^", IF(CALC!I10=1, 2, 0), MAX(MOD(CALC!I10, 2), MOD(IF(GRID!J10="^", CALC!J10, 0), 2), MOD(IF(GRID!H10="^", CALC!H10, 0), 2))) -> 0 | ... EL11: =IF(GRID!EL10="^", IF(CALC!EL10=1, 2, 0), MAX(MOD(CALC!EL10, 2), MOD(IF(GRID!EM10="^", CALC!EM10, 0), 2), MOD(IF(GRID!EK10="^", CALC!EK10, 0), 2))) -> 0
B12: =IF(GRID!B11="^", IF(CALC!B11=1, 2, 0), MAX(MOD(CALC!B11, 2), MOD(IF(GRID!C11="^", CALC!C11, 0), 2), MOD(IF(GRID!A11="^", CALC!A11, 0), 2))) -> 0 | C12: =IF(GRID!C11="^", IF(CALC!C11=1, 2, 0), MAX(MOD(CALC!C11, 2), MOD(IF(GRID!D11="^", CALC!D11, 0), 2), MOD(IF(GRID!B11="^", CALC!B11, 0), 2))) -> 0 | D12: =IF(GRID!D11="^", IF(CALC!D11=1, 2, 0), MAX(MOD(CALC!D11, 2), MOD(IF(GRID!E11="^", CALC!E11, 0), 2), MOD(IF(GRID!C11="^", CALC!C11, 0), 2))) -> 0 | E12: =IF(GRID!E11="^", IF(CALC!E11=1, 2, 0), MAX(MOD(CALC!E11, 2), MOD(IF(GRID!F11="^", CALC!F11, 0), 2), MOD(IF(GRID!D11="^", CALC!D11, 0), 2))) -> 0 | F12: =IF(GRID!F11="^", IF(CALC!F11=1, 2, 0), MAX(MOD(CALC!F11, 2), MOD(IF(GRID!G11="^", CALC!G11, 0), 2), MOD(IF(GRID!E11="^", CALC!E11, 0), 2))) -> 0 | G12: =IF(GRID!G11="^", IF(CALC!G11=1, 2, 0), MAX(MOD(CALC!G11, 2), MOD(IF(GRID!H11="^", CALC!H11, 0), 2), MOD(IF(GRID!F11="^", CALC!F11, 0), 2))) -> 0 | H12: =IF(GRID!H11="^", IF(CALC!H11=1, 2, 0), MAX(MOD(CALC!H11, 2), MOD(IF(GRID!I11="^", CALC!I11, 0), 2), MOD(IF(GRID!G11="^", CALC!G11, 0), 2))) -> 0 | I12: =IF(GRID!I11="^", IF(CALC!I11=1, 2, 0), MAX(MOD(CALC!I11, 2), MOD(IF(GRID!J11="^", CALC!J11, 0), 2), MOD(IF(GRID!H11="^", CALC!H11, 0), 2))) -> 0 | ... EL12: =IF(GRID!EL11="^", IF(CALC!EL11=1, 2, 0), MAX(MOD(CALC!EL11, 2), MOD(IF(GRID!EM11="^", CALC!EM11, 0), 2), MOD(IF(GRID!EK11="^", CALC!EK11, 0), 2))) -> 0
B13: =IF(GRID!B12="^", IF(CALC!B12=1, 2, 0), MAX(MOD(CALC!B12, 2), MOD(IF(GRID!C12="^", CALC!C12, 0), 2), MOD(IF(GRID!A12="^", CALC!A12, 0), 2))) -> 0 | C13: =IF(GRID!C12="^", IF(CALC!C12=1, 2, 0), MAX(MOD(CALC!C12, 2), MOD(IF(GRID!D12="^", CALC!D12, 0), 2), MOD(IF(GRID!B12="^", CALC!B12, 0), 2))) -> 0 | D13: =IF(GRID!D12="^", IF(CALC!D12=1, 2, 0), MAX(MOD(CALC!D12, 2), MOD(IF(GRID!E12="^", CALC!E12, 0), 2), MOD(IF(GRID!C12="^", CALC!C12, 0), 2))) -> 0 | E13: =IF(GRID!E12="^", IF(CALC!E12=1, 2, 0), MAX(MOD(CALC!E12, 2), MOD(IF(GRID!F12="^", CALC!F12, 0), 2), MOD(IF(GRID!D12="^", CALC!D12, 0), 2))) -> 0 | F13: =IF(GRID!F12="^", IF(CALC!F12=1, 2, 0), MAX(MOD(CALC!F12, 2), MOD(IF(GRID!G12="^", CALC!G12, 0), 2), MOD(IF(GRID!E12="^", CALC!E12, 0), 2))) -> 0 | G13: =IF(GRID!G12="^", IF(CALC!G12=1, 2, 0), MAX(MOD(CALC!G12, 2), MOD(IF(GRID!H12="^", CALC!H12, 0), 2), MOD(IF(GRID!F12="^", CALC!F12, 0), 2))) -> 0 | H13: =IF(GRID!H12="^", IF(CALC!H12=1, 2, 0), MAX(MOD(CALC!H12, 2), MOD(IF(GRID!I12="^", CALC!I12, 0), 2), MOD(IF(GRID!G12="^", CALC!G12, 0), 2))) -> 0 | I13: =IF(GRID!I12="^", IF(CALC!I12=1, 2, 0), MAX(MOD(CALC!I12, 2), MOD(IF(GRID!J12="^", CALC!J12, 0), 2), MOD(IF(GRID!H12="^", CALC!H12, 0), 2))) -> 0 | ... EL13: =IF(GRID!EL12="^", IF(CALC!EL12=1, 2, 0), MAX(MOD(CALC!EL12, 2), MOD(IF(GRID!EM12="^", CALC!EM12, 0), 2), MOD(IF(GRID!EK12="^", CALC!EK12, 0), 2))) -> 0
B14: =IF(GRID!B13="^", IF(CALC!B13=1, 2, 0), MAX(MOD(CALC!B13, 2), MOD(IF(GRID!C13="^", CALC!C13, 0), 2), MOD(IF(GRID!A13="^", CALC!A13, 0), 2))) -> 0 | C14: =IF(GRID!C13="^", IF(CALC!C13=1, 2, 0), MAX(MOD(CALC!C13, 2), MOD(IF(GRID!D13="^", CALC!D13, 0), 2), MOD(IF(GRID!B13="^", CALC!B13, 0), 2))) -> 0 | D14: =IF(GRID!D13="^", IF(CALC!D13=1, 2, 0), MAX(MOD(CALC!D13, 2), MOD(IF(GRID!E13="^", CALC!E13, 0), 2), MOD(IF(GRID!C13="^", CALC!C13, 0), 2))) -> 0 | E14: =IF(GRID!E13="^", IF(CALC!E13=1, 2, 0), MAX(MOD(CALC!E13, 2), MOD(IF(GRID!F13="^", CALC!F13, 0), 2), MOD(IF(GRID!D13="^", CALC!D13, 0), 2))) -> 0 | F14: =IF(GRID!F13="^", IF(CALC!F13=1, 2, 0), MAX(MOD(CALC!F13, 2), MOD(IF(GRID!G13="^", CALC!G13, 0), 2), MOD(IF(GRID!E13="^", CALC!E13, 0), 2))) -> 0 | G14: =IF(GRID!G13="^", IF(CALC!G13=1, 2, 0), MAX(MOD(CALC!G13, 2), MOD(IF(GRID!H13="^", CALC!H13, 0), 2), MOD(IF(GRID!F13="^", CALC!F13, 0), 2))) -> 0 | H14: =IF(GRID!H13="^", IF(CALC!H13=1, 2, 0), MAX(MOD(CALC!H13, 2), MOD(IF(GRID!I13="^", CALC!I13, 0), 2), MOD(IF(GRID!G13="^", CALC!G13, 0), 2))) -> 0 | I14: =IF(GRID!I13="^", IF(CALC!I13=1, 2, 0), MAX(MOD(CALC!I13, 2), MOD(IF(GRID!J13="^", CALC!J13, 0), 2), MOD(IF(GRID!H13="^", CALC!H13, 0), 2))) -> 0 | ... EL14: =IF(GRID!EL13="^", IF(CALC!EL13=1, 2, 0), MAX(MOD(CALC!EL13, 2), MOD(IF(GRID!EM13="^", CALC!EM13, 0), 2), MOD(IF(GRID!EK13="^", CALC!EK13, 0), 2))) -> 0
... B153: =IF(GRID!B152="^", IF(CALC!B152=1, 2, 0), MAX(MOD(CALC!B152, 2), MOD(IF(GRID!C152="^", CALC!C152, 0), 2), MOD(IF(GRID!A152="^", CALC!A152, 0), 2))) -> 1 | C153: =IF(GRID!C152="^", IF(CALC!C152=1, 2, 0), MAX(MOD(CALC!C152, 2), MOD(IF(GRID!D152="^", CALC!D152, 0), 2), MOD(IF(GRID!B152="^", CALC!B152, 0), 2))) -> 0 | D153: =IF(GRID!D152="^", IF(CALC!D152=1, 2, 0), MAX(MOD(CALC!D152, 2), MOD(IF(GRID!E152="^", CALC!E152, 0), 2), MOD(IF(GRID!C152="^", CALC!C152, 0), 2))) -> 1 | E153: =IF(GRID!E152="^", IF(CALC!E152=1, 2, 0), MAX(MOD(CALC!E152, 2), MOD(IF(GRID!F152="^", CALC!F152, 0), 2), MOD(IF(GRID!D152="^", CALC!D152, 0), 2))) -> 0 | F153: =IF(GRID!F152="^", IF(CALC!F152=1, 2, 0), MAX(MOD(CALC!F152, 2), MOD(IF(GRID!G152="^", CALC!G152, 0), 2), MOD(IF(GRID!E152="^", CALC!E152, 0), 2))) -> 1 | G153: =IF(GRID!G152="^", IF(CALC!G152=1, 2, 0), MAX(MOD(CALC!G152, 2), MOD(IF(GRID!H152="^", CALC!H152, 0), 2), MOD(IF(GRID!F152="^", CALC!F152, 0), 2))) -> 1 | H153: =IF(GRID!H152="^", IF(CALC!H152=1, 2, 0), MAX(MOD(CALC!H152, 2), MOD(IF(GRID!I152="^", CALC!I152, 0), 2), MOD(IF(GRID!G152="^", CALC!G152, 0), 2))) -> 0 | I153: =IF(GRID!I152="^", IF(CALC!I152=1, 2, 0), MAX(MOD(CALC!I152, 2), MOD(IF(GRID!J152="^", CALC!J152, 0), 2), MOD(IF(GRID!H152="^", CALC!H152, 0), 2))) -> 1 | ... EL153: =IF(GRID!EL152="^", IF(CALC!EL152=1, 2, 0), MAX(MOD(CALC!EL152, 2), MOD(IF(GRID!EM152="^", CALC!EM152, 0), 2), MOD(IF(GRID!EK152="^", CALC!EK152, 0), 2))) -> 1

Sheet ANSWER
A1: =COUNTIF(CALC!1:1048576, 2) -> 1602
